項目1,住所（ddのみ）,項目3,項目4,詳細リンク
東紀州 尾鷲市,要相談,-,-,https://www.ijyu.pref.mie.lg.jp/bank/8283/
東紀州 尾鷲市,"500,000円",-,-,https://www.ijyu.pref.mie.lg.jp/bank/8278/
東紀州 尾鷲市,"1,500,000円",-,-,https://www.ijyu.pref.mie.lg.jp/bank/8259/
東紀州 尾鷲市,要相談,"20,000円",-,https://www.ijyu.pref.mie.lg.jp/bank/8254/
東紀州 尾鷲市,要相談,"30,000円",-,https://www.ijyu.pref.mie.lg.jp/bank/8250/
東紀州 尾鷲市,要相談,"20,000円",-,https://www.ijyu.pref.mie.lg.jp/bank/8246/
東紀州 尾鷲市,要相談,"30,000円",-,https://www.ijyu.pref.mie.lg.jp/bank/8241/
東紀州 尾鷲市,"500,000円",-,-,https://www.ijyu.pref.mie.lg.jp/bank/8269/
尾鷲市,"3,000,000円","30,000円",-,https://www.ijyu.pref.mie.lg.jp/bank/8209/
東紀州 尾鷲市,"9,000,000円",要相談,-,https://www.ijyu.pref.mie.lg.jp/bank/8203/
東紀州 尾鷲市,要相談,"25,000円",-,https://www.ijyu.pref.mie.lg.jp/bank/8199/
東紀州 尾鷲市,"25,000,000円",-,-,https://www.ijyu.pref.mie.lg.jp/bank/8195/
東紀州 尾鷲市,"700,000円",-,-,https://www.ijyu.pref.mie.lg.jp/bank/8191/
東紀州 尾鷲市,"1,000,000円",-,-,https://www.ijyu.pref.mie.lg.jp/bank/8186/
東紀州 尾鷲市,"1,600,000円",-,-,https://www.ijyu.pref.mie.lg.jp/bank/8183/
東紀州 尾鷲市,"9,500,000円",要相談,-,https://www.ijyu.pref.mie.lg.jp/bank/1401/
東紀州 尾鷲市,"1,500,000円",要相談,-,https://www.ijyu.pref.mie.lg.jp/bank/1408/
東紀州 尾鷲市,要相談,"25,000円",-,https://www.ijyu.pref.mie.lg.jp/bank/2017/
東紀州 尾鷲市,"3,800,000円","55,000円",-,https://www.ijyu.pref.mie.lg.jp/bank/2020/
東紀州 尾鷲市,"5,000,000円",要相談,-,https://www.ijyu.pref.mie.lg.jp/bank/2058/
東紀州 尾鷲市,"3,000,000円",要相談,-,https://www.ijyu.pref.mie.lg.jp/bank/2690/
東紀州 尾鷲市,"3,000,000円",要相談,-,https://www.ijyu.pref.mie.lg.jp/bank/2772/
東紀州 尾鷲市,"1,000,000円","10,000円",-,https://www.ijyu.pref.mie.lg.jp/bank/2778/
尾鷲市,"1,500,000円",-,-,https://www.ijyu.pref.mie.lg.jp/bank/2878/
東紀州 尾鷲市,"500,000円",-,-,https://www.ijyu.pref.mie.lg.jp/bank/2875/
東紀州 尾鷲市,"4,500,000円","50,000円",-,https://www.ijyu.pref.mie.lg.jp/bank/2932/
東紀州 尾鷲市,"700,000円",-,-,https://www.ijyu.pref.mie.lg.jp/bank/3110/
東紀州 尾鷲市,"1,000,000円",-,-,https://www.ijyu.pref.mie.lg.jp/bank/2956/
東紀州 尾鷲市,"34,000,000円",-,-,https://www.ijyu.pref.mie.lg.jp/bank/3119/
東紀州 尾鷲市,"6,000,000円",-,-,https://www.ijyu.pref.mie.lg.jp/bank/4519/
東紀州 尾鷲市,"3,500,000円",-,-,https://www.ijyu.pref.mie.lg.jp/bank/4650/
東紀州 尾鷲市,"3,000,000円","30,000円",-,https://www.ijyu.pref.mie.lg.jp/bank/4840/
東紀州 尾鷲市,"7,000,000円",-,-,https://www.ijyu.pref.mie.lg.jp/bank/5529/
東紀州 尾鷲市,"200,000円",-,-,https://www.ijyu.pref.mie.lg.jp/bank/5570/
東紀州 尾鷲市,"19,000,000円",-,-,https://www.ijyu.pref.mie.lg.jp/bank/5602/
東紀州 尾鷲市,"1,000,000円",-,-,https://www.ijyu.pref.mie.lg.jp/bank/5669/
東紀州 尾鷲市,"3,500,000円",-,-,https://www.ijyu.pref.mie.lg.jp/bank/5693/
東紀州 尾鷲市,"800,000円",-,-,https://www.ijyu.pref.mie.lg.jp/bank/5711/
東紀州 尾鷲市,"300,000円",-,-,https://www.ijyu.pref.mie.lg.jp/bank/5717/
東紀州 尾鷲市,"7,500,000円",-,-,https://www.ijyu.pref.mie.lg.jp/bank/4380/
東紀州 尾鷲市,"4,000,000円",-,-,https://www.ijyu.pref.mie.lg.jp/bank/4684/
東紀州 尾鷲市,"4,500,000円",-,-,https://www.ijyu.pref.mie.lg.jp/bank/4858/
東紀州 尾鷲市,"2,000,000円",-,-,https://www.ijyu.pref.mie.lg.jp/bank/4865/
東紀州 尾鷲市,"2,500,000円",-,-,https://www.ijyu.pref.mie.lg.jp/bank/5744/
東紀州 尾鷲市,"7,000,000円",-,-,https://www.ijyu.pref.mie.lg.jp/bank/5761/
東紀州 尾鷲市,"5,000,000円",-,-,https://www.ijyu.pref.mie.lg.jp/bank/5814/
東紀州 尾鷲市,"1,000,000円",-,-,https://www.ijyu.pref.mie.lg.jp/bank/5853/
東紀州 尾鷲市,"500,000円",-,-,https://www.ijyu.pref.mie.lg.jp/bank/5872/
東紀州 尾鷲市,"5,500,000円",要相談,-,https://www.ijyu.pref.mie.lg.jp/bank/4837/
東紀州 尾鷲市,"1,000,000円","15,000円",-,https://www.ijyu.pref.mie.lg.jp/bank/4785/
東紀州 尾鷲市,"500,000円",要相談,-,https://www.ijyu.pref.mie.lg.jp/bank/4782/
東紀州 尾鷲市,"7,000,000円",要相談,-,https://www.ijyu.pref.mie.lg.jp/bank/4778/
東紀州 尾鷲市,"4,000,000円",要相談,-,https://www.ijyu.pref.mie.lg.jp/bank/4741/
東紀州 尾鷲市,"500,000円",要相談,-,https://www.ijyu.pref.mie.lg.jp/bank/4723/
東紀州 尾鷲市,"1,500,000円",要相談,-,https://www.ijyu.pref.mie.lg.jp/bank/4720/
東紀州 尾鷲市,"5,000,000円",要相談,-,https://www.ijyu.pref.mie.lg.jp/bank/4689/
東紀州 尾鷲市,"8,500,000円",要相談,-,https://www.ijyu.pref.mie.lg.jp/bank/4657/
東紀州 尾鷲市,"3,000,000円","35,000円",-,https://www.ijyu.pref.mie.lg.jp/bank/4543/
東紀州 尾鷲市,"1,500,000円",要相談,-,https://www.ijyu.pref.mie.lg.jp/bank/4538/
東紀州 尾鷲市,"3,000,000円",要相談,-,https://www.ijyu.pref.mie.lg.jp/bank/4427/
東紀州 尾鷲市,"500,000円","5,000円",-,https://www.ijyu.pref.mie.lg.jp/bank/4082/
東紀州 尾鷲市,"1,000,000円","3,000円",-,https://www.ijyu.pref.mie.lg.jp/bank/4013/
東紀州 尾鷲市,"1,500,000円",-,-,https://www.ijyu.pref.mie.lg.jp/bank/3983/
東紀州 尾鷲市,"5,800,000円",-,-,https://www.ijyu.pref.mie.lg.jp/bank/3977/
東紀州 尾鷲市,"800,000円","20,000円",-,https://www.ijyu.pref.mie.lg.jp/bank/3242/
東紀州 尾鷲市,"400,000円","10,000円",-,https://www.ijyu.pref.mie.lg.jp/bank/3093/
東紀州 尾鷲市,"3,000,000円",要相談,-,https://www.ijyu.pref.mie.lg.jp/bank/3074/
東紀州 尾鷲市,"3,000,000円","30,000円",-,https://www.ijyu.pref.mie.lg.jp/bank/2738/
東紀州 尾鷲市,"500,000円","20,000円",-,https://www.ijyu.pref.mie.lg.jp/bank/2720/
東紀州 尾鷲市,"500,000円","10,000円",-,https://www.ijyu.pref.mie.lg.jp/bank/2717/
東紀州 尾鷲市,"700,000円","5,000円",-,https://www.ijyu.pref.mie.lg.jp/bank/2710/
東紀州 尾鷲市,"1,500,000円","10,000円",-,https://www.ijyu.pref.mie.lg.jp/bank/2707/
東紀州 尾鷲市,"1,000,000円","20,000円",-,https://www.ijyu.pref.mie.lg.jp/bank/2645/
東紀州 尾鷲市,"7,100,000円","70,000円",-,https://www.ijyu.pref.mie.lg.jp/bank/2704/
東紀州 尾鷲市,"1,200,000円","25,000円",-,https://www.ijyu.pref.mie.lg.jp/bank/2701/
東紀州 尾鷲市,"600,000円","10,000円",-,https://www.ijyu.pref.mie.lg.jp/bank/2698/
東紀州 尾鷲市,"9,800,000円","75,000円",-,https://www.ijyu.pref.mie.lg.jp/bank/2692/
東紀州 尾鷲市,"1,000,000円","30,000円",-,https://www.ijyu.pref.mie.lg.jp/bank/2688/
東紀州 尾鷲市,"500,000円","10,000円",-,https://www.ijyu.pref.mie.lg.jp/bank/2685/
東紀州 尾鷲市,"1,000,000円","10,000円",-,https://www.ijyu.pref.mie.lg.jp/bank/2682/
東紀州 尾鷲市,"7,000,000円","10,000円",-,https://www.ijyu.pref.mie.lg.jp/bank/2679/
東紀州 尾鷲市,"900,000円","10,000円",-,https://www.ijyu.pref.mie.lg.jp/bank/2674/
東紀州 尾鷲市,"2,800,000円",要相談,-,https://www.ijyu.pref.mie.lg.jp/bank/2661/
東紀州 尾鷲市,"3,000,000円","50,000円",-,https://www.ijyu.pref.mie.lg.jp/bank/2655/
東紀州 尾鷲市,"2,000,000円","10,000円",-,https://www.ijyu.pref.mie.lg.jp/bank/2642/
東紀州 尾鷲市,"1,000,000円",要相談,-,https://www.ijyu.pref.mie.lg.jp/bank/4753/
東紀州 尾鷲市,"500,000円","10,000円",-,https://www.ijyu.pref.mie.lg.jp/bank/2713/
東紀州 尾鷲市,-,"30,000円",-,https://www.ijyu.pref.mie.lg.jp/bank/8264/
東紀州 尾鷲市,要相談,"20,000円",-,https://www.ijyu.pref.mie.lg.jp/bank/8254/
東紀州 尾鷲市,要相談,"30,000円",-,https://www.ijyu.pref.mie.lg.jp/bank/8250/
東紀州 尾鷲市,要相談,"20,000円",-,https://www.ijyu.pref.mie.lg.jp/bank/8246/
東紀州 尾鷲市,要相談,"30,000円",-,https://www.ijyu.pref.mie.lg.jp/bank/8241/
東紀州 尾鷲市,-,"33,000円",-,https://www.ijyu.pref.mie.lg.jp/bank/8236/
東紀州 尾鷲市,-,"33,000円",-,https://www.ijyu.pref.mie.lg.jp/bank/8231/
東紀州 尾鷲市,-,"33,000円",-,https://www.ijyu.pref.mie.lg.jp/bank/8226/
東紀州 尾鷲市,-,"33,000円",-,https://www.ijyu.pref.mie.lg.jp/bank/8222/
東紀州 尾鷲市,-,"33,000円",-,https://www.ijyu.pref.mie.lg.jp/bank/8218/
東紀州 尾鷲市,-,"33,000円",-,https://www.ijyu.pref.mie.lg.jp/bank/8213/
尾鷲市,"3,000,000円","30,000円",-,https://www.ijyu.pref.mie.lg.jp/bank/8209/
東紀州 尾鷲市,要相談,"25,000円",-,https://www.ijyu.pref.mie.lg.jp/bank/8199/
東紀州 尾鷲市,-,"28,000円",-,https://www.ijyu.pref.mie.lg.jp/bank/6668/
東紀州 尾鷲市,要相談,"30,000円",-,https://www.ijyu.pref.mie.lg.jp/bank/1411/
東紀州 尾鷲市,要相談,"25,000円",-,https://www.ijyu.pref.mie.lg.jp/bank/2017/
東紀州 尾鷲市,"3,800,000円","55,000円",-,https://www.ijyu.pref.mie.lg.jp/bank/2020/
東紀州 尾鷲市,"1,000,000円","10,000円",-,https://www.ijyu.pref.mie.lg.jp/bank/2778/
東紀州 尾鷲市,-,"35,000円",-,https://www.ijyu.pref.mie.lg.jp/bank/2898/
東紀州 尾鷲市,"4,500,000円","50,000円",-,https://www.ijyu.pref.mie.lg.jp/bank/2932/
東紀州 尾鷲市,"3,000,000円","30,000円",-,https://www.ijyu.pref.mie.lg.jp/bank/4840/
東紀州 尾鷲市,"1,000,000円","15,000円",-,https://www.ijyu.pref.mie.lg.jp/bank/4785/
東紀州 尾鷲市,"3,000,000円","35,000円",-,https://www.ijyu.pref.mie.lg.jp/bank/4543/
東紀州 尾鷲市,"500,000円","5,000円",-,https://www.ijyu.pref.mie.lg.jp/bank/4082/
東紀州 尾鷲市,"1,000,000円","3,000円",-,https://www.ijyu.pref.mie.lg.jp/bank/4013/
東紀州 尾鷲市,"800,000円","20,000円",-,https://www.ijyu.pref.mie.lg.jp/bank/3242/
東紀州 尾鷲市,"400,000円","10,000円",-,https://www.ijyu.pref.mie.lg.jp/bank/3093/
東紀州 尾鷲市,"3,000,000円","30,000円",-,https://www.ijyu.pref.mie.lg.jp/bank/2738/
東紀州 尾鷲市,"500,000円","20,000円",-,https://www.ijyu.pref.mie.lg.jp/bank/2720/
東紀州 尾鷲市,"500,000円","10,000円",-,https://www.ijyu.pref.mie.lg.jp/bank/2717/
東紀州 尾鷲市,"700,000円","5,000円",-,https://www.ijyu.pref.mie.lg.jp/bank/2710/
東紀州 尾鷲市,"1,500,000円","10,000円",-,https://www.ijyu.pref.mie.lg.jp/bank/2707/
東紀州 尾鷲市,"1,000,000円","20,000円",-,https://www.ijyu.pref.mie.lg.jp/bank/2645/
東紀州 尾鷲市,"7,100,000円","70,000円",-,https://www.ijyu.pref.mie.lg.jp/bank/2704/
東紀州 尾鷲市,"1,200,000円","25,000円",-,https://www.ijyu.pref.mie.lg.jp/bank/2701/
東紀州 尾鷲市,"600,000円","10,000円",-,https://www.ijyu.pref.mie.lg.jp/bank/2698/
東紀州 尾鷲市,"9,800,000円","75,000円",-,https://www.ijyu.pref.mie.lg.jp/bank/2692/
東紀州 尾鷲市,"1,000,000円","30,000円",-,https://www.ijyu.pref.mie.lg.jp/bank/2688/
東紀州 尾鷲市,"500,000円","10,000円",-,https://www.ijyu.pref.mie.lg.jp/bank/2685/
東紀州 尾鷲市,"1,000,000円","10,000円",-,https://www.ijyu.pref.mie.lg.jp/bank/2682/
東紀州 尾鷲市,"7,000,000円","10,000円",-,https://www.ijyu.pref.mie.lg.jp/bank/2679/
東紀州 尾鷲市,"900,000円","10,000円",-,https://www.ijyu.pref.mie.lg.jp/bank/2674/
尾鷲市,要相談,"20,000円",-,https://www.ijyu.pref.mie.lg.jp/bank/2671/
東紀州 尾鷲市,要相談,"50,000円",-,https://www.ijyu.pref.mie.lg.jp/bank/2667/
東紀州 尾鷲市,要相談,要相談,-,https://www.ijyu.pref.mie.lg.jp/bank/2658/
東紀州 尾鷲市,"3,000,000円","50,000円",-,https://www.ijyu.pref.mie.lg.jp/bank/2655/
東紀州 尾鷲市,"2,000,000円","10,000円",-,https://www.ijyu.pref.mie.lg.jp/bank/2642/
東紀州 尾鷲市,"500,000円","10,000円",-,https://www.ijyu.pref.mie.lg.jp/bank/2713/
